"","time","EL","EL_LAR","EL_BIO","EL_LAR_BIO","LL","LL_LAR","LL_BIO","LL_LAR_BIO","PL","SV","EV","IV","SH","IH","Mm","EIR","VC","R0"
"1",0,1189743.99628768,0,0,0,49601.0365679155,0,0,0,4121.39896700586,23607.7480438035,631.532179633461,231.526143160332,1186.9918699187,813.008130081301,23607.7480438035,10,1.39722374429224,1.7465296803653
"2",1,1189743.99628768,0,0,0,49601.0365679155,0,0,0,4121.39896700586,23607.7480438035,631.532179633461,231.526143160332,1186.9918699187,813.008130081301,7253.49499198269,10,1.39722374429224,1.7465296803653
"3",2,1189743.99628768,0,0,0,49601.0365679155,0,0,0,4121.39896700586,23607.7480438035,631.532179633461,231.526143160332,1186.9918699187,813.008130081301,3407.36396044926,10,1.39722374429224,1.7465296803653
"4",3,1189743.99628768,0,0,0,49601.0365679155,0,0,0,4121.39896700586,23607.7480438035,631.532179633461,231.526143160332,1186.9918699187,813.008130081301,2502.78332387152,10,1.39722374429224,1.7465296803653
"5",4,1189743.99628768,0,0,0,49601.0365679155,0,0,0,4121.39896700586,23607.7480438035,631.532179633461,231.526143160332,1186.9918699187,813.008130081301,2290.03339546397,10,1.39722374429224,1.7465296803653
"6",5,1189743.99628768,0,0,0,49601.0365679155,0,0,0,4121.39896700586,23607.7480438035,631.532179633461,231.526143160332,1186.9918699187,813.008130081301,2240.00903833703,10,1.39722374429224,1.7465296803653
"7",6,1189743.99628768,0,0,0,49601.0365679155,0,0,0,4121.39896700586,23607.7480438035,631.532179633461,231.526143160332,1186.9918699187,813.008130081301,2228.23628828648,10,1.39722374429224,1.7465296803653
"8",7,1189743.99628768,0,0,0,49601.0365679155,0,0,0,4121.39896700586,23607.7480438035,631.532179633461,231.526143160332,1186.9918699187,813.008130081301,2225.46929666896,10,1.39722374429224,1.7465296803653
"9",8,1189743.99628768,0,0,0,49601.0365679155,0,0,0,4121.39896700586,23607.7480438035,631.532179633461,231.526143160332,1186.9918699187,813.008130081301,2224.81685962391,10,1.39722374429224,1.7465296803653
"10",9,1189743.99628768,0,0,0,49601.0365679155,0,0,0,4121.39896700585,23607.7480438035,631.53217963346,231.526143160332,1186.9918699187,813.008130081301,2224.66603080023,10,1.39722374429224,1.7465296803653
"11",10,1189743.99628768,0,0,0,49601.0365679155,0,0,0,4121.39896700585,23607.7480438035,631.53217963346,231.526143160332,1186.9918699187,813.008130081301,2224.62800726603,10,1.39722374429224,1.7465296803653
"12",11,1189743.99628768,0,0,0,49601.0365679155,0,0,0,4121.39896700585,23607.7480438035,631.53217963346,231.526143160332,1186.9918699187,813.008130081301,2224.6201366986,10,1.39722374429224,1.7465296803653
"13",12,1189743.99628768,0,0,0,49601.0365679155,0,0,0,4121.39896700585,23607.7480438035,631.53217963346,231.526143160332,1186.9918699187,813.008130081301,2224.618993402,10,1.39722374429224,1.7465296803653
"14",13,1189743.99628768,0,0,0,49601.0365679155,0,0,0,4121.39896700585,23607.7480438035,631.53217963346,231.526143160332,1186.9918699187,813.008130081301,2224.61885572258,10,1.39722374429224,1.7465296803653
"15",14,1189743.99628768,0,0,0,49601.0365679154,0,0,0,4121.39896700585,23607.7480438035,631.53217963346,231.526143160332,1186.9918699187,813.008130081301,2224.61879951636,10,1.39722374429224,1.7465296803653
"16",15,1189743.99628768,0,0,0,49601.0365679155,0,0,0,4121.39896700585,23607.7480438035,631.532179633459,231.526143160332,1186.9918699187,813.008130081301,2224.61877667887,10,1.39722374429224,1.7465296803653
"17",16,1189743.99628768,0,0,0,49601.0365679155,0,0,0,4121.39896700585,23607.7480438035,631.532179633459,231.526143160332,1186.9918699187,813.008130081301,2224.61876724108,10,1.39722374429224,1.7465296803653
"18",17,1189743.99628768,0,0,0,49601.0365679155,0,0,0,4121.39896700585,23607.7480438035,631.532179633459,231.526143160332,1186.9918699187,813.008130081301,2224.61876334291,10,1.39722374429224,1.7465296803653
"19",18,1189743.99628768,0,0,0,49601.0365679155,0,0,0,4121.39896700585,23607.7480438035,631.532179633459,231.526143160332,1186.9918699187,813.008130081301,2224.6187617328,10,1.39722374429224,1.7465296803653
"20",19,1189743.99628768,0,0,0,49601.0365679155,0,0,0,4121.39896700585,23607.7480438035,631.532179633459,231.526143160332,1186.9918699187,813.008130081301,2224.61876106775,10,1.39722374429224,1.7465296803653
"21",20,1189743.99628768,0,0,0,49601.0365679155,0,0,0,4121.39896700585,23607.7480438035,631.532179633459,231.526143160332,1186.9918699187,813.008130081301,2224.61876079306,10,1.39722374429224,1.7465296803653
"22",21,1189743.99628768,0,0,0,49601.0365679155,0,0,0,4121.39896700585,23607.7480438035,631.532179633459,231.526143160332,1186.9918699187,813.008130081301,2224.61876067959,10,1.39722374429224,1.7465296803653
"23",22,1189743.99628768,0,0,0,49601.0365679155,0,0,0,4121.39896700585,23607.7480438035,631.532179633459,231.526143160332,1186.9918699187,813.008130081301,2224.61876063273,10,1.39722374429224,1.7465296803653
"24",23,1189743.99628768,0,0,0,49601.0365679155,0,0,0,4121.39896700585,23607.7480438035,631.532179633459,231.526143160332,1186.9918699187,813.008130081301,2224.61876061337,10,1.39722374429224,1.7465296803653
"25",24,1189743.99628768,0,0,0,49601.0365679155,0,0,0,4121.39896700585,23607.7480438035,631.532179633459,231.526143160332,1186.9918699187,813.008130081301,2224.61876060538,10,1.39722374429224,1.7465296803653
"26",25,1189743.99628768,0,0,0,49601.0365679155,0,0,0,4121.39896700586,23607.7480438035,631.532179633459,231.526143160332,1186.9918699187,813.008130081301,2224.61876060208,10,1.39722374429224,1.7465296803653
"27",26,1189743.99628768,0,0,0,49601.0365679155,0,0,0,4121.39896700586,23607.7480438035,631.532179633459,231.526143160332,1186.9918699187,813.008130081301,2224.61876060071,10,1.39722374429224,1.7465296803653
"28",27,1189743.99628768,0,0,0,49601.0365679155,0,0,0,4121.39896700586,23607.7480438035,631.532179633459,231.526143160332,1186.9918699187,813.008130081301,2224.61876060015,10,1.39722374429224,1.7465296803653
"29",28,1189743.99628768,0,0,0,49601.0365679155,0,0,0,4121.39896700586,23607.7480438035,631.532179633459,231.526143160332,1186.9918699187,813.008130081301,2224.61876059992,10,1.39722374429224,1.7465296803653
"30",29,1189743.99628768,0,0,0,49601.0365679155,0,0,0,4121.39896700586,23607.7480438035,631.532179633459,231.526143160332,1186.9918699187,813.008130081301,2224.61876059982,10,1.39722374429224,1.7465296803653
"31",30,1189743.99628768,0,0,0,49601.0365679155,0,0,0,4121.39896700585,23607.7480438035,631.532179633459,231.526143160332,1186.9918699187,813.008130081301,2224.61876059978,10,1.39722374429224,1.7465296803653
"32",31,1189743.99628768,0,0,0,49601.0365679155,0,0,0,4121.39896700585,23607.7480438035,631.532179633459,231.526143160332,1186.9918699187,813.008130081301,2224.61876059976,10,1.39722374429224,1.7465296803653
"33",32,1189743.99628768,0,0,0,49601.0365679155,0,0,0,4121.39896700585,23607.7480438035,631.532179633459,231.526143160332,1186.9918699187,813.008130081301,2224.61876059976,10,1.39722374429224,1.7465296803653
"34",33,1189743.99628768,0,0,0,49601.0365679155,0,0,0,4121.39896700585,23607.7480438035,631.532179633459,231.526143160332,1186.9918699187,813.008130081301,2224.61876059975,10,1.39722374429224,1.7465296803653
"35",34,1189743.99628768,0,0,0,49601.0365679155,0,0,0,4121.39896700585,23607.7480438035,631.532179633459,231.526143160332,1186.9918699187,813.008130081301,2224.61876059975,10,1.39722374429224,1.7465296803653
"36",35,1189743.99628768,0,0,0,49601.0365679155,0,0,0,4121.39896700585,23607.7480438035,631.532179633459,231.526143160332,1186.9918699187,813.008130081301,2224.61876059975,10,1.39722374429224,1.7465296803653
"37",36,1189743.99628768,0,0,0,49601.0365679155,0,0,0,4121.39896700585,23607.7480438035,631.532179633459,231.526143160332,1186.9918699187,813.008130081301,2224.61876059975,10,1.39722374429224,1.7465296803653
"38",37,1189743.99628768,0,0,0,49601.0365679155,0,0,0,4121.39896700585,23607.7480438035,631.532179633459,231.526143160332,1186.9918699187,813.008130081301,2224.61876059975,10,1.39722374429224,1.7465296803653
"39",38,1189743.99628768,0,0,0,49601.0365679155,0,0,0,4121.39896700585,23607.7480438035,631.532179633459,231.526143160332,1186.9918699187,813.008130081301,2224.61876059975,10,1.39722374429224,1.7465296803653
"40",39,1189743.99628768,0,0,0,49601.0365679155,0,0,0,4121.39896700585,23607.7480438035,631.532179633459,231.526143160332,1186.9918699187,813.008130081301,2224.61876059975,10,1.39722374429224,1.7465296803653
"41",40,1189743.99628768,0,0,0,49601.0365679155,0,0,0,4121.39896700585,23607.7480438035,631.532179633459,231.526143160332,1186.9918699187,813.008130081301,2224.61876059975,10,1.39722374429224,1.7465296803653
"42",41,1189743.99628768,0,0,0,49601.0365679155,0,0,0,4121.39896700585,23607.7480438035,631.532179633459,231.526143160332,1186.9918699187,813.008130081301,2224.61876059975,10,1.39722374429224,1.7465296803653
"43",42,1189743.99628768,0,0,0,49601.0365679155,0,0,0,4121.39896700585,23607.7480438035,631.532179633459,231.526143160332,1186.9918699187,813.008130081301,2224.61876059975,10,1.39722374429224,1.7465296803653
"44",43,1189743.99628768,0,0,0,49601.0365679155,0,0,0,4121.39896700585,23607.7480438035,631.532179633459,231.526143160332,1186.9918699187,813.008130081301,2224.61876059975,10,1.39722374429224,1.7465296803653
"45",44,1189743.99628768,0,0,0,49601.0365679155,0,0,0,4121.39896700585,23607.7480438035,631.532179633459,231.526143160332,1186.9918699187,813.008130081301,2224.61876059975,10,1.39722374429224,1.7465296803653
"46",45,1189743.99628768,0,0,0,49601.0365679155,0,0,0,4121.39896700585,23607.7480438035,631.532179633459,231.526143160332,1186.9918699187,813.008130081301,2224.61876059975,10,1.39722374429224,1.7465296803653
"47",46,1189743.99628768,0,0,0,49601.0365679155,0,0,0,4121.39896700585,23607.7480438035,631.532179633459,231.526143160332,1186.9918699187,813.008130081301,2224.61876059975,10,1.39722374429224,1.7465296803653
"48",47,1189743.99628768,0,0,0,49601.0365679155,0,0,0,4121.39896700585,23607.7480438035,631.532179633459,231.526143160332,1186.9918699187,813.008130081301,2224.61876059975,10,1.39722374429224,1.7465296803653
"49",48,1189743.99628768,0,0,0,49601.0365679155,0,0,0,4121.39896700585,23607.7480438035,631.532179633459,231.526143160332,1186.9918699187,813.008130081301,2224.61876059975,10,1.39722374429224,1.7465296803653
"50",49,1189743.99628768,0,0,0,49601.0365679155,0,0,0,4121.39896700585,23607.7480438035,631.532179633459,231.526143160332,1186.9918699187,813.008130081301,2224.61876059975,10,1.39722374429224,1.7465296803653
"51",50,1189741.15956775,0,0,0,49601.0365653087,0,0,0,4121.39896700583,23607.7195647728,631.531744930415,231.525536709708,1186.99203746066,813.007962539336,2224.61876059975,9.9999738063868,1.39722205876125,1.74652757345156
"52",51,1144878.5543849,0,0,0,49474.8870818407,0,0,0,4116.25895675178,23088.8338432617,622.396715514218,220.476787275355,1190.55193923921,809.448060760786,2223.66844482058,7.59270925159308,0.580490371118703,0.725612963898379
"53",52,1114800.12397197,0,0,0,49347.2800835943,0,0,0,4105.87781488931,22640.4128337516,612.430763742271,211.017200120643,1194.57107050404,805.428929495965,2219.63247482115,7.26694300747535,0.569142228982348,0.711427786227935
"54",53,1093025.04798146,0,0,0,49251.3865628362,0,0,0,4096.7959464102,22251.1897197079,602.038921129922,202.918364667165,1198.95781421656,801.04218578344,2214.65583457777,6.9880378962631,0.55925267421429,0.699065842767862
"55",54,1076248.2637333,0,0,0,49176.101724183,0,0,0,4089.61025462016,21913.729244287,591.528598060765,195.984538902389,1203.6346064791,796.365393520897,2210.2360966781,6.74925301698508,0.550644064971899,0.688305081214874
"56",55,1062720.27588471,0,0,0,49114.4172362178,0,0,0,4083.85123573399,21621.5656162184,581.132481676296,190.048131994074,1208.53581533085,791.46418466915,2206.61045682132,6.54481693003463,0.543161145228522,0.678951431535653
"57",56,1051476.70760634,0,0,0,49062.5237246007,0,0,0,4079.07054598618,21368.8564563528,571.022360139923,184.965671247501,1213.60592721412,786.394072785881,2203.63738133231,6.36978876852951,0.536662888356399,0.670828610445499
"58",57,1041947.1608027,0,0,0,49017.9136034276,0,0,0,4075.01689184382,21150.3691291714,561.320684203974,180.614317074921,1218.79801371959,781.201986280412,2201.1575476058,6.21993822194181,0.531022361487529,0.663777951859411
"59",58,1033773.5991449,0,0,0,48979.1579387805,0,0,0,4071.52236829351,20961.4962733188,552.110484339978,176.888880514049,1224.07244388723,775.927556112768,2199.04671078519,6.09164282635157,0.52612727043184,0.6576590880398
"60",59,1026713.98873777,0,0,0,48945.2833934345,0,0,0,4068.4796282724,20798.2181513254,543.443587590871,173.699329559423,1229.39582229222,770.60417770778,2197.22594334442,5.98180208828163,0.521879185249736,0.65234898156217
"61",60,1020592.08671898,0,0,0,48915.5859962688,0,0,0,4065.81795383901,20657.0467372394,535.348216691972,170.968017639645,1234.7400708839,765.2599291161,2195.64066982362,5.88774203988124,0.518192301133794,0.647740376417243
"62",61,1015270.94835571,0,0,0,48889.5157514941,0,0,0,4063.48374366181,20534.9663013632,528.089422517529,168.373180303387,1240.0867388264,759.9132611736,2194.25399091155,5.79838185964248,0.514992092530488,0.64374011566311
"63",62,1010639.93824007,0,0,0,48866.6246612218,0,0,0,4061.43457256352,20429.3721378441,521.823525067432,165.697537470334,1245.43853503172,754.561464968285,2193.03805492789,5.70623892548811,0.512213900726404,0.640267375908005
"64",63,1006607.03731864,0,0,0,48846.5320571188,0,0,0,4059.63560584466,20338.0149035672,516.41513380874,163.013478962653,1250.79911991222,749.200880087785,2191.97086673927,5.61380617501614,0.509801637231656,0.63725204653957
"65",64,1003094.22865763,0,0,0,48828.9079465574,0,0,0,4058.05706898448,20258.9591469079,511.747820314825,160.374199705893,1256.16843068931,743.831569310693,2191.03424489542,5.52291551809943,0.507706821699492,0.634633527124365
"66",65,1000034.35516745,0,0,0,48813.4614044902,0,0,0,4056.67294445258,20190.5345681677,507.720363601762,157.818752521078,1261.5437132267,738.456286773303,2190.21260653377,5.43491184332769,0.505887431181145,0.632359288976431
"67",66,997369.178059209,0,0,0,48799.9343157395,0,0,0,4055.46023790892,20131.2995260619,504.244808227897,155.374981335261,1266.92030385865,733.079696141351,2189.49232005262,5.35075403097643,0.504307038980132,0.630383798725165
"68",67,995048.084146352,0,0,0,48788.0975420057,0,0,0,4054.39857134531,20080.0108787967,501.245184089554,153.06142536042,1272.29222020691,727.707779793092,2188.86137021815,5.27108052851236,0.502934098249003,0.628667622811254
"69",68,993026.956786825,0,0,0,48777.7475573042,0,0,0,4053.46984856649,20035.595391792,498.655957602791,150.889314490711,1277.65267891419,722.347321085811,2188.3091074852,5.19627806744725,0.501741259283897,0.627176574104871
"70",69,991267.236991844,0,0,0,48768.7034241981,0,0,0,4052.65797943232,19997.1247849115,496.42059977968,148.864290924138,1282.99451527395,717.005484726052,2187.82606257317,5.12654095199567,0.500704771294112,0.625880964117639
"71",70,989735.283570962,0,0,0,48760.8048520955,0,0,0,4051.94868985607,19963.7971846506,494.490363044535,146.987684568117,1288.31043982388,711.689560176124,2187.40384077231,5.06191498108489,0.499804033770834,0.624755042213542
"72",71,988401.850434797,0,0,0,48753.9107498998,0,0,0,4051.32938998559,19934.9220390687,492.823299406874,145.25745275395,1293.59320831412,706.406791685882,2187.03502663517,5.00232980994206,0.499021229560433,0.623776536950541
"73",72,987241.458502905,0,0,0,48747.8968225811,0,0,0,4050.78899725539,19909.9036899077,491.383355922435,143.66910319687,1298.83582226271,701.164177737291,2186.71306797052,4.9476307346977,0.498340926834623,0.622926158543278
"74",73,986231.750139554,0,0,0,48742.6527878928,0,0,0,4050.3176792033,19888.2246509918,490.139460885013,142.216620484172,1304.03173720567,695.968262794329,2186.43215720719,4.8976105984885,0.497749673796885,0.622187092246107
"75",74,985353.108101751,0,0,0,48738.0809936826,0,0,0,4049.90668966091,19869.4343841518,489.064719567482,140.893083939752,1309.17494074577,690.825059254233,2186.18713827525,4.85203106927896,0.497235721908719,0.621544652385899
"76",75,984588.540703938,0,0,0,48734.0963772035,0,0,0,4049.54839384036,19853.1447768609,488.135891841609,139.690833478711,1314.25987647429,685.740123525712,2185.97347641723,4.81062835150952,0.496788907546725,0.620986134433407
"77",76,983923.447956943,0,0,0,48730.6254507131,0,0,0,4049.23623429645,19839.0247576646,487.333065945085,138.601574354129,1319.28140397307,680.718596026932,2185.7872577029,4.77311679333233,0.496400516021409,0.620500645026761
"78",77,983345.065881715,0,0,0,48727.6034147015,0,0,0,4048.96443262318,19826.7880218017,486.639216716352,137.616860565306,1324.23493934148,675.765060658517,2185.62508086235,4.73920553407024,0.496062984858483,0.620078731073104
"79",78,982841.981814015,0,0,0,48724.9718982378,0,0,0,4048.72772235112,19816.180433324,486.039565093142,136.728700174441,1329.11660487686,670.883395123141,2185.4838526957,4.70861934991926,0.495769597369708,0.619711996712136
"80",79,982404.166895241,0,0,0,48722.6795790278,0,0,0,4048.52146432422,19806.9783234821,485.521101746418,135.929593045092,1333.92311318139,666.076886818609,2185.36076531799,4.68109995357375,0.495514430738949,0.619393038423686
"81",80,982023.226182232,0,0,0,48720.6835774479,0,0,0,4048.34185209414,19798.9945273266,485.07257976547,135.212013786872,1338.65148271893,661.348517281067,2185.25350786676,4.65638818804064,0.49529248972749,0.619115612159363
"82",81,981692.135222806,0,0,0,48718.9477510441,0,0,0,4048.18568309083,19792.0752247666,484.684634040903,134.568289861732,1343.29901147566,656.700988524336,2185.16025477262,4.63421982890279,0.495099629989486,0.618874537486857
"83",82,981404.404482235,0,0,0,48717.4382290088,0,0,0,4048.04986780321,19786.0804989523,484.349305226713,133.991509786449,1347.86365538082,652.136344619179,2185.07920898878,4.61435686070618,0.49493209697638,0.618665121220475
"84",83,981154.096114482,0,0,0,48716.1241942469,0,0,0,4047.93159959598,19780.8807061879,484.059387750081,133.475742435299,1352.34397531611,647.656024683892,2185.00861881943,4.59659502923566,0.494786427389758,0.618483034237197
"85",84,980936.285207109,0,0,0,48714.9802579638,0,0,0,4047.82862016771,19776.3678958821,483.808605518376,133.015285245166,1356.73877649139,643.261223508611,2184.94711015113,4.58073795144216,0.494659712211386,0.618324640264232
"86",85,980746.816813833,0,0,0,48713.9848345308,0,0,0,4047.73901598219,19772.4519759576,483.591627416641,132.604673024681,1361.04712356162,638.952876438377,2184.89357309561,4.56659741880915,0.494549504280494,0.618186880350617
"87",86,980582.063690299,0,0,0,48713.1189656702,0,0,0,4047.66108222447,19769.0551722701,483.403895653749,132.238853474117,1365.26839418976,634.731605810242,2184.84701954131,4.55399944185063,0.494453683994568,0.618067104993211
"88",87,980438.817285772,0,0,0,48712.3658859204,0,0,0,4047.59329785422,19766.1090326207,483.241473237135,131.913254720618,1369.40228066391,630.597719336086,2184.80653940098,4.54278657586799,0.494370384576782,0.617962980720978
"89",88,980314.260887558,0,0,0,48711.7108898355,0,0,0,4047.53433547901,19763.5534906208,483.100941981291,131.623748026532,1373.4487496141,626.551250385897,2184.77132548707,4.53281663671136,0.49429796599051,0.617872457488138
"90",89,980205.947832666,0,0,0,48711.1411858203,0,0,0,4047.48304842408,19761.3364123836,482.979341021354,131.366581842519,1377.40799677593,622.592003224068,2184.74068840818,4.5239604297216,0.494235000852799,0.617793751065999
"91",90,980111.763080698,0,0,0,48710.6456962239,0,0,0,4047.43844350908,19759.4128702379,482.874117700454,131.138345030531,1381.2804179953,618.719582004703,2184.71404043596,4.51610048321497,0.49418025473413,0.617725318417663
"92",91,980029.867949953,0,0,0,48710.214784115,0,0,0,4047.39965196379,19757.7439942057,482.783061250373,130.935944544336,1385.06658232993,614.933417670076,2184.6908675839,4.50913027985228,0.494132656149682,0.617665820187102
"93",92,979958.659027199,0,0,0,48709.8400445115,0,0,0,4047.36591531808,19756.2960236504,482.704253614221,130.756591767448,1388.76721466064,611.232785339357,2184.67071526221,4.50295378614879,0.494091272031755,0.617614090039694
"94",93,979896.740113575,0,0,0,48709.5141524741,0,0,0,4047.33657523642,19755.0396311393,482.636037144163,130.597778459201,1392.38317929791,607.61682070209,2184.65318713181,4.4974846241127,0.494055289962326,0.617569112452908
"95",94,979842.897853237,0,0,0,48709.2307364671,0,0,0,4047.31105970049,19753.9493791789,482.576983816787,130.4572489375,1395.91546163101,604.084538368993,2184.63794216548,4.49264511328381,0.494024003574086,0.617530004467607
"96",95,979796.079236548,0,0,0,48708.9842665537,0,0,0,4047.28887052537,19753.0032525749,482.525862707658,130.332976845446,1399.36514996263,600.634850037375,2184.62468534336,4.48836547062974,0.493996799854831,0.617495999818539
"97",96,979755.369052757,0,0,0,48708.7699360592,0,0,0,4047.26957413304,19752.1821830895,482.48160816851,130.223146417792,1402.7334189782,597.266581021803,2184.61315785555,4.48458316540631,0.493973146391179,0.617466432988974
"98",97,979719.970799476,0,0,0,48708.5835583917,0,0,0,4047.25279393609,19751.469627657,482.443295541339,130.126134894989,1406.02151608841,593.978483911588,2184.60313304329,4.48124231353797,0.493952580122073,0.617440725152591
"99",98,979689.191229389,0,0,0,48708.4214877104,0,0,0,4047.23820234266,19750.8512212267,482.410123623076,130.040493825279,1409.23074956777,590.769250432227,2184.59441476244,4.4782930337052,0.493934698039213,0.617418372549017
"100",99,979662.427513557,0,0,0,48708.2805543213,0,0,0,4047.22551386662,19750.3144974273,482.381400092572,129.964930681389,1412.36247769243,587.637522307569,2184.5868335547,4.47569081426623,0.493919149612081,0.617398937015102
"101",100,979639.036667736,0,0,0,48708.1580018409,0,0,0,4047.21447992618,19749.8464304925,482.356488528406,129.898262344346,1415.41810204926,584.581897950746,2184.58024152063,4.47339491134732,0.493905574751131,0.617381968438913
"102",101,904530.798519731,0,0,0,48427.3461303968,0,0,0,4036.15802588045,18314.7869473833,453.954075504728,110.410383246801,1421.84204390719,578.157956092809,2182.58449248701,2.46917747220124,0.055956964649975,0.0699462058124688
"103",102,847027.907995879,0,0,0,48072.9465607475,0,0,0,4009.84503844116,17173.569209021,426.081561780187,95.0327981049054,1428.86405379766,571.135946202339,2173.00857555032,2.12527877632995,0.0524462546889701,0.0655578183612127
"104",103,801551.139781989,0,0,0,47756.7046176758,0,0,0,3982.587301122,16258.4094758719,399.724782167262,82.8987401965622,1436.31914222855,563.680857771448,2159.42604603961,1.85391713847843,0.0496196768347297,0.0620245960434121
"105",104,764813.782569353,0,0,0,47477.3415803637,0,0,0,3957.82264376215,15521.7123328113,375.42101955796,73.3240547762447,1444.0778309718,555.922169028201,2145.58356913445,1.63979237187549,0.0473357250731713,0.0591696563414641
"106",105,734738.096322646,0,0,0,47230.4806136805,0,0,0,3935.83155356435,14927.0427313736,353.417209921723,65.7688581937383,1452.03854348702,547.961456512978,2132.8151502753,1.47083071581569,0.0454855392581042,0.0568569240726302
"107",106,709914.52411694,0,0,0,47012.7803160788,0,0,0,3916.39883538407,14445.751707127,333.77030736504,59.8071450126785,1460.12167067389,539.878329326108,2121.39502812539,1.3375051403624,0.0439831112821057,0.0549788891026321
"108",107,689327.157511309,0,0,0,46821.5438255876,0,0,0,3899.28927627409,14055.1823085478,316.416199417799,55.1028289511372,1468.2649376218,531.735062378206,2111.28424791901,1.2322995346966,0.0427601007777964,0.0534501259722455
"109",108,672204.525719626,0,0,0,46654.3918253393,0,0,0,3884.28714972649,13737.3877120261,301.218282326171,51.3906816817247,1476.41973797229,523.58026202771,2102.38475460639,1.14928242940644,0.0417621231462184,0.052202653932773
"110",109,657940.075136144,0,0,0,46509.0369710838,0,0,0,3871.20644013963,13478.1290341692,288.000572527828,48.4614062548466,1484.54827226561,515.451727734392,2094.59829552569,1.08377318397839,0.0409458330163301,0.0511822912704126
"111",110,646048.880459967,0,0,0,46383.3051691553,0,0,0,3859.85417836257,13266.1052736969,276.569820018684,46.1497982214733,1492.62130702879,507.378692971216,2087.80621212585,1.03207722647224,0.0402766722801818,0.0503458403502273
"112",111,636131.078583467,0,0,0,46275.0882200589,0,0,0,3850.05406292501,13092.323407146,267.041681311097,44.0157227860648,1500.62120961958,499.378790380423,2081.92706224707,0.984351543124956,0.0397270242772232,0.049658780346529
"113",112,627857.23626779,0,0,0,46182.3423364153,0,0,0,3841.63259217022,12949.5522018732,259.360712037046,41.8208240512185,1508.55117943376,491.448820566246,2076.85488023329,0.935265629731006,0.039274585144775,0.0490932314309687
"114",113,620955.484125347,0,0,0,46103.1861822582,0,0,0,3834.42740119147,12832.0407170184,253.154715570598,39.6808724259847,1516.41363038132,483.586369618679,2072.50021277256,0.887408533421353,0.0389015493141481,0.0486269366426851
"115",114,615198.840798698,0,0,0,46035.8695170012,0,0,0,3828.28647821455,12735.1557759184,248.130063490236,37.6643266027165,1524.20674380732,475.79325619268,2068.77731714664,0.842311239380217,0.0385935168628301,0.0482418960785376
"116",115,610397.964606564,0,0,0,45978.8006832401,0,0,0,3823.0703776226,12655.1579707552,244.053852559568,35.8086284999672,1531.92625741622,468.073742583787,2065.60643112187,0.800811084994621,0.0383388250138035,0.0479235312672543
"117",116,606394.582872165,0,0,0,45930.5490472322,0,0,0,3818.65285658654,12589.0141474549,240.740481432482,34.1306715545488,1539.56668219098,460.433317809025,2062.91458630103,0.763285868913363,0.0381279835906318,0.0476599794882897
"118",117,603056.599688354,0,0,0,45889.8460547737,0,0,0,3814.92110437712,12534.2620157155,238.042173925685,32.6334739005827,1547.12205409877,452.877945901227,2060.63591400964,0.729803087585251,0.0379532654180158,0.0474415817725198
"119",118,600273.768619944,0,0,0,45855.578958257,0,0,0,3811.77555170699,12488.8958672952,235.840995456396,31.3112966264323,1554.58647299581,445.413527004191,2058.71173962549,0.700234398087172,0.0378083591032459,0.0472604488790574
"120",119,597953.942195576,0,0,0,45826.7776528473,0,0,0,3809.12901172204,12451.2739286742,234.042358052061,30.1533434712324,1561.95444299086,438.045557009147,2057.09035503791,0.674338356785578,0.0376880861484899,0.0471101076856124
"121",120,596020.211850493,0,0,0,45802.6040974949,0,0,0,3806.90576152276,12420.0510859755,232.570376394346,29.1460028331893,1569.2210407368,430.778959263201,2055.72654695504,0.65181055879099,0.0375881944311849,0.0469852430389811
"122",121,594408.442580214,0,0,0,45782.3388179726,0,0,0,3805.04056327497,12394.1235599819,231.364083611905,28.2744390096532,1576.38200474354,423.617995256465,2054.5811172816,0.632319223869615,0.0375051877233925,0.0468814846542406
"123",122,593065.096749439,0,0,0,45765.367034309,0,0,0,3803.47753787155,12372.5817094274,230.374244217772,27.523788467495,1583.43378427589,416.566215724108,2053.62035320144,0.615531949396982,0.0374361799022365,0.0467952248777956
"124",123,591945.479972726,0,0,0,45751.1649242538,0,0,0,3802.16893283221,12354.6747631995,229.561002615422,26.8797783732204,1590.37351682215,409.626483177852,2052.81536915774,0.601129542939442,0.0373787852812905,0.0467234816016132
"125",124,591012.37106493,0,0,0,45739.2886821231,0,0,0,3801.07414129791,12339.784262292,228.892172181726,26.3289953074274,1597.19897597708,402.801024022918,2052.14148366158,0.58881203168612,0.0373310356190844,0.0466637945238555
"126",125,590234.739811783,0,0,0,45729.3633511332,0,0,0,3800.15884829718,12327.3986191891,228.341611903436,25.8592033658686,1603.90853754182,396.091462458185,2051.57776354833,0.578305776344848,0.0372913008455116,0.0466141260568895
"127",126,589586.68958278,0,0,0,45721.0725495967,0,0,0,3799.3940649392,12317.0934630678,227.887996125083,25.4594470435259,1610.50112405394,389.498875946065,2051.10652308981,0.569365772004023,0.0372582274644134,0.0465727843305168
"128",127,589046.626732732,0,0,0,45714.1497594507,0,0,0,3798.75531270118,12308.5171698141,227.513941652291,25.1199821894893,1616.97613437227,383.023865627733,2050.71280016043,0.561774104032745,0.0372306928733191,0.0465383660916489
"129",128,588596.565885961,0,0,0,45708.3712126373,0,0,0,3798.22201749863,12301.3784915532,227.205280904778,24.8322099951906,1623.33338370907,376.666616290936,2050.38397216073,0.555338471817793,0.037207766347925,0.0465097079349063
"130",129,588221.515903276,0,0,0,45703.5492123147,0,0,0,3797.77692401732,12295.4355500104,226.950418596737,24.588630728625,1629.57305338458,370.426946615422,2050.10945043531,0.549891154092659,0.037188674375005,0.0464858429687562
"131",130,587908.974391433,0,0,0,45699.526317465,0,0,0,3797.40554124953,12290.4872858228,226.739845082085,24.3827409537193,1635.69563797503,364.304362024968,2049.880345299,0.545286710389052,0.0371727735614919,0.0464659669518649
"132",131,587648.523234867,0,0,0,45696.1707230909,0,0,0,3797.09572080567,12286.3667364737,226.565767564587,24.2089155033206,1641.70189628186,358.298103718139,2049.68918477588,0.54139934152393,0.0371595292676694,0.0464494115845868
"133",132,587431.483214718,0,0,0,45693.3722290337,0,0,0,3796.83730961264,12282.9351594537,226.421791347808,24.0623130204529,1647.59281037733,352.407189622672,2049.52971537362,0.538120777158687,0.0371484969637513,0.0464356212046892
"134",133,587250.620455539,0,0,0,45691.0386660596,0,0,0,3796.62181406885,12280.0771259944,226.302656965605,23.9387873341018,1653.36954962794,346.630450372063,2049.39671301382,0.535358293839574,0.037139306646115,0.0464241333076438
"135",134,587099.907186087,0,0,0,45689.0930336812,0,0,0,3796.44212971296,12277.6966388289,226.204038046315,23.8347947520655,1659.03343752772,340.966562472286,2049.28580306727,0.533032641728882,0.0371316504566139,0.0464145630707674
"136",135,586974.313977882,0,0,0,45687.4709445726,0,0,0,3796.29231497763,12275.7137310199,226.122366395531,23.7473120718249,1664.58592243407,335.414077565932,2049.19332123076,0.531076211030013,0.037125271840197,0.0464065898002462
"137",136,586869.648157139,0,0,0,45686.1186215075,0,0,0,3796.16741022848,12274.061818898,226.054699310115,23.6737675225053,1670.02855370882,329.971446291181,2049.11621025556,0.529431487598729,0.0371199571011761,0.0463999463764701
"138",137,586782.424171707,0,0,0,45684.9912985914,0,0,0,3796.06328374531,12272.6856074613,225.998617212114,23.6119797817524,1675.36296174315,324.637038256849,2049.05192486817,0.528049689138849,0.0371155287107617,0.0463944108884521
"139",138,586709.742995669,0,0,0,45684.0516971381,0,0,0,3795.97649216111,12271.5391618555,225.952129149499,23.5601004653763,1680.59083942391,319.409160576097,2048.99833915268,0.526889479061661,0.0371118391404687,0.0463897989255859
"140",139,586649.182054103,0,0,0,45683.2686109673,0,0,0,3795.90415553002,12270.5841351183,225.913585306024,23.5165629146608,1685.71392531992,314.286074680082,2048.95367344228,0.525915821184021,0.0371087651981185,0.0463859564976481
"141",140,586598.713923224,0,0,0,45682.6158949685,0,0,0,3795.84386159629,12269.7884474676,225.881613776007,23.4800414600339,1690.73399049094,309.266009509059,2048.91644221803,0.525099068715955,0.0371062038051712,0.046382754756464
"142",141,586556.652809784,0,0,0,45682.0718218628,0,0,0,3795.79360242352,12269.1254288958,225.855082843884,23.4494186303503,1695.65282874976,304.347171250238,2048.88540928402,0.524414230941045,0.0371040692464219,0.0463800865580273
"143",142,586521.60406612,0,0,0,45681.6184172708,0,0,0,3795.7517168163,12268.5730333431,225.833066246708,23.4237538838995,1700.47224784712,299.52775215288,2048.85954583043,0.523840273928103,0.0371022906452042,0.0463778633065052
"144",143,586492.404865097,0,0,0,45681.2406533726,0,0,0,3795.71681883301,12268.1129032443,225.814798179213,23.4022532733782,1705.19406038778,294.805939612226,2048.83799377693,0.523359442129712,0.0371008089674753,0.0463760112093442
"145",144,586468.074967909,0,0,0,45680.9258376062,0,0,0,3795.68773695342,12267.7295683103,225.79963436974,23.3842456409563,1709.82007626155,290.179923738452,2048.8200339497,0.522956726017366,0.0370995744611114,0.0463744680763892
"146",145,586447.794230614,0,0,0,45680.663381863,0,0,0,3795.66349105377,12267.4100720059,225.787036890637,23.3691668304984,1714.35209808553,285.647901914476,2048.80506328958,0.522619509009367,0.0370985454569921,0.0463731818212402
"147",146,586430.89013503,0,0,0,45680.4446294878,0,0,0,3795.64328123185,12267.143789236,225.776569672793,23.3565454935527,1718.7919180221,281.208081977899,2048.79258347352,0.522337250041154,0.0370976877732626,0.0463721097165783
"148",147,586416.80969761,0,0,0,45680.2624283895,0,0,0,3795.62644905523,12266.9220039221,225.767879554398,23.3459859732485,1723.1413135819,276.858686418099,2048.78218653406,0.52210110078702,0.0370969733563892,0.0463712166954864
"149",148,586405.083050075,0,0,0,45680.1106634281,0,0,0,3795.61242951293,12266.7373214701,225.760666515941,23.3371529343166,1727.40204302464,272.597956975361,2048.77352833248,0.521903561931521,0.0370963784059605,0.0463704730074506
"150",149,586395.307470625,0,0,0,45679.9841194194,0,0,0,3795.60073867791,12266.583387854,225.754670382332,23.3297634768513,1731.57584282861,268.424157171396,2048.76631081441,0.521738306804525,0.037095882479276,0.046369853099095
"151",150,586387.153138227,0,0,0,45679.8785685317,0,0,0,3795.59098652322,12266.4549848738,225.749679064962,23.3235830740046,1735.6644272832,264.335572716804,2048.76028827455,0.521600090533289,0.037095468786075,0.0463693359825938
"152",151,586380.359265666,0,0,0,45679.7906535749,0,0,0,3795.58286496777,12266.3480007631,225.745530202639,23.3184175155027,1739.66948753748,260.330512462524,2048.75527040218,0.521484569870203,0.0370951240824028,0.0463689051030036
"153",152,586374.707342173,0,0,0,45679.7175130414,0,0,0,3795.57610878149,12266.2590110415,225.742090011767,23.314101799603,1743.59268899453,256.407311005474,2048.75109827785,0.52138805477658,0.0370948373326654,0.0463685466658318
"154",153,586369.999763626,0,0,0,45679.6565634365,0,0,0,3795.57047741407,12266.1849081935,225.739233215738,23.3104943023015,1747.43566928291,252.564330717089,2048.74762272659,0.52130737802494,0.0370945985352437,0.0463682481690546
"155",154,586366.06762823,0,0,0,45679.605645086,0,0,0,3795.56577254964,12266.1230126129,225.736849668892,23.3074776451851,1751.20003861294,248.79996138706,2048.74471653135,0.521239914607331,0.037094399073533,0.0463679988419162
"156",155,586362.785359931,0,0,0,45679.563167643,0,0,0,3795.56184896131,12266.07133452,225.734860995568,23.3049575476921,1754.88738078715,245.112619212849,2048.74229131401,0.521183556067721,0.0370942325381693,0.0463677906727117
"157",156,586360.058279373,0,0,0,45679.5278917543,0,0,0,3795.55859068362,12266.0283983073,225.733213443256,23.3028550583781,1758.49925236647,241.500747633536,2048.74027999017,0.521136536764854,0.0370940941621889,0.0463676177027361
"158",157,586357.794729115,0,0,0,45679.4985914577,0,0,0,3795.55588296047,12265.9927762613,225.731852412447,23.3010997991595,1762.03718083477,237.962819165233,2048.73860973386,0.521097282788978,0.0370939793434848,0.046367474179356
"159",158,586355.903064146,0,0,0,45679.4740799806,0,0,0,3795.55361785104,12265.9630134269,225.730716767569,23.2996315012402,1765.50266452774,234.497335472261,2048.73720965476,0.521064446310757,0.0370938834097975,0.0463673542622469
"160",159,586354.315205178,0,0,0,45679.4535163454,0,0,0,3795.55171897702,12265.938018405,225.729760706036,23.2984039067728,1768.89717437285,231.102825627155,2048.73603515675,0.521036992836594,0.0370938028534056,0.046367253566757
"161",160,586352.993810026,0,0,0,45679.4364337937,0,0,0,3795.55014134034,12265.9172093148,225.728964932425,23.2973811783456,1772.22215463737,227.777845362632,2048.73506232097,0.521014120911704,0.0370937357862292,0.0463671697327865
"162",161,586351.905750245,0,0,0,45679.4223681575,0,0,0,3795.54884090264,12265.9000854983,225.728314827728,23.296529834442,1775.4790216642,224.520978335798,2048.73426080589,0.520995081767685,0.0370936805817724,0.0463671007272155
"163",162,586351.001824202,0,0,0,45679.4106506007,0,0,0,3795.54775787689,12265.8858723746,225.727778573282,23.2958176818924,1778.66916303507,221.330836964929,2048.7335902149,0.520979155448253,0.0370936347544833,0.0463670434431042
"164",163,586350.236378988,0,0,0,45679.4007150489,0,0,0,3795.546840853,12265.8738314442,225.727321978719,23.2952202652837,1781.79393903014,218.206060969863,2048.73302231293,0.520965795041484,0.0370935959416591,0.0463669949270739
"165",164,586349.595757876,0,0,0,45679.3924283571,0,0,0,3795.5460747045,12265.8637465273,225.726938342767,23.2947221396785,1784.85468456716,215.14531543284,2048.73254965448,0.52095465514244,0.0370935634369123,0.0463669542961403
"166",165,586349.069111454,0,0,0,45679.3856370499,0,0,0,3795.54544705796,12265.8554533992,225.726624010758,23.2943092642706,1787.85270792988,212.147292070118,2048.73216297841,0.520945421747662,0.0370935367010394,0.0463669208762992
"167",166,586348.635984319,0,0,0,45679.3800363332,0,0,0,3795.54493040147,12265.8486376465,225.726367620825,23.2939658905043,1790.78929075071,209.210709249288,2048.73184417917,0.520937742662206,0.0370935147217785,0.0463668934022231
"168",167,586348.271764832,0,0,0,45679.3753050998,0,0,0,3795.54449349166,12265.8429102274,225.726152434742,23.2936777580366,1793.66568885813,206.334311141869,2048.73157433445,0.520931298972968,0.0370934962541494,0.0463668703176868
"169",168,586347.961436713,0,0,0,45679.3712770774,0,0,0,3795.54412082626,12265.8380281756,225.725967663388,23.2934355895277,1796.48313329203,203.51686670797,2048.73134405703,0.520925883204912,0.0370934805185346,0.0463668506481682
"170",169,586347.701436993,0,0,0,45679.3679183355,0,0,0,3795.54381052034,12265.8339338761,225.725811832722,23.2932338716712,1799.24283062904,200.757169370958,2048.73115236045,0.520921372060467,0.0370934673234551,0.0463668341543189
"171",170,586347.4888573,0,0,0,45679.3651765403,0,0,0,3795.54355768141,12265.8305861079,225.725684991669,23.2930670180327,1801.94596221153,198.054037788473,2048.7309964715,0.520917640606657,0.0370934565303209,0.0463668206629012
"172",171,586347.31276117,0,0,0,45679.3628958598,0,0,0,3795.54334721047,12265.8278152117,225.72558055535,23.2929278527907,1804.59368581823,195.406314181772,2048.73086670022,0.520914528366029,0.0370934475954837,0.0463668094943546
"173",172,586347.165484771,0,0,0,45679.3609839374,0,0,0,3795.54317019535,12265.8254995046,225.725493613038,23.2928111984666,1807.18714083328,192.812859166721,2048.73075732317,0.520911919551344,0.0370934401283796,0.0463668001604745
"174",173,586347.041810586,0,0,0,45679.3593810052,0,0,0,3795.54302180336,12265.8235545931,225.725420576467,23.2927134781877,1809.72743949429,190.272560505712,2048.7306653867,0.52090973417073,0.0370934338576328,0.046366792322041
"175",174,586346.938456022,0,0,0,45679.358044345,0,0,0,3795.54289844755,12265.821928244,225.725359363377,23.2926320068061,1812.21566785053,187.784332149475,2048.7305890996,0.520907912174518,0.037093428614296,0.04636678576787
"176",175,586346.852712736,0,0,0,45679.356935708,0,0,0,3795.54279622992,12265.8205786726,225.725308511813,23.2925643428313,1814.65288975599,185.347110244008,2048.73052616769,0.520906398962106,0.0370934242629516,0.0463667803286895
"177",176,586346.781910703,0,0,0,45679.3560192946,0,0,0,3795.54271146085,12265.8194647036,225.725266643062,23.2925082056878,1817.04014454558,182.959855454423,2048.73047391424,0.520905143531537,0.0370934206707121,0.0463667758383902
"178",177,586346.723020479,0,0,0,45679.3552567962,0,0,0,3795.54264095032,12265.8185383114,225.725231880742,23.2924614451198,1819.37845865307,180.621541346934,2048.73043029596,0.520904097795281,0.0370934176832966,0.0463667721041207
"179",178,586346.673652766,0,0,0,45679.3546176731,0,0,0,3795.54258200167,12265.8177616304,225.725202726834,23.2924223389581,1821.66883854184,178.331161458158,2048.73039385163,0.520903223239368,0.0370934151789287,0.0463667689736609
"180",179,586346.6323488,0,0,0,45679.3540830447,0,0,0,3795.54253267243,12265.8171117396,225.725178329441,23.2923896522778,1823.91226799593,176.087732004069,2048.730363471,0.52090249224639,0.0370934130834867,0.0463667663543584
"181",180,586346.598120161,0,0,0,45679.3536401692,0,0,0,3795.54249168195,12265.8165732075,225.725158166609,23.2923624448172,1826.1097077538,173.890292246199,2048.73033817726,0.520901883788682,0.037093411346898,0.0463667641836225
"182",181,586346.569852276,0,0,0,45679.3532744734,0,0,0,3795.54245783383,12265.816128515,225.725141586185,23.2923398388594,1828.26209874964,171.737901250365,2048.7303171713,0.520901378237302,0.0370934099127027,0.0463667623908784
"183",182,586346.546287763,0,0,0,45679.3529693574,0,0,0,3795.54242969113,12265.8157578515,225.725127784682,23.2923209873355,1830.37036468462,169.62963531538,2048.73029974841,0.520900956648709,0.0370934087172903,0.0463667608966129
"184",183,586346.526487523,0,0,0,45679.3527128251,0,0,0,3795.54240603131,12265.8154464045,225.725116168456,23.292305208548,1832.43541168909,167.56458831091,2048.73028519663,0.520900603777669,0.0370934077129777,0.0463667596412221
"185",184,586346.50993861,0,0,0,45679.3524986401,0,0,0,3795.54238620328,12265.8151860623,225.725106454111,23.2922920247429,1834.45812620986,165.541873790147,2048.73027296807,0.52090030893987,0.0370934068734659,0.0463667585918323
"186",185,586346.496270251,0,0,0,45679.3523219569,0,0,0,3795.54236985336,12265.8149710037,225.725098460892,23.2922810667575,1836.43937461303,163.560625386974,2048.73026280446,0.520900063879487,0.0370934061798714,0.0463667577248392
"187",186,586346.484928285,0,0,0,45679.3521750762,0,0,0,3795.5423563309,12265.8147925958,225.725091849889,23.29227195124,1838.38000576625,161.61999423375,2048.7302544612,0.520899860023384,0.0370934056044655,0.0463667570055819
"188",187,586346.475328593,0,0,0,45679.3520503981,0,0,0,3795.54234483811,12265.814641666,225.725086230364,23.2922643101766,1840.28085321469,159.719146785313,2048.73024745864,0.520899689141433,0.0370934051178127,0.0463667563972659
"189",188,586346.467208326,0,0,0,45679.3519451874,0,0,0,3795.54233507107,12265.8145139529,225.72508144367,23.2922579002852,1842.14273396481,157.85726603519,2048.7302414227,0.520899545792965,0.0370934047060904,0.046366755882613
"190",189,586346.460553538,0,0,0,45679.3518594776,0,0,0,3795.54232712902,12265.8144091729,225.725077532784,23.292252587851,1843.96644632012,156.033553679885,2048.73023641466,0.520899426987626,0.0370934043681897,0.0463667554602372
"191",190,586346.455177416,0,0,0,45679.3517901118,0,0,0,3795.54232076502,12265.8143245392,225.725074414494,23.2922482137018,1845.7527709019,154.247229098098,2048.73023249231,0.520899329165752,0.0370934040951318,0.0463667551189147
"192",191,586346.450638027,0,0,0,45679.3517309288,0,0,0,3795.54231531696,12265.8142532241,225.725071785128,23.2922445542402,1847.5024739128,152.497526087206,2048.73022923778,0.52089924732689,0.0370934038651172,0.0463667548313965
"193",192,586346.446653407,0,0,0,45679.3516789845,0,0,0,3795.54231047579,12265.8141906416,225.725069432588,23.2922414433988,1849.21630789437,150.783692105632,2048.73022623447,0.520899177757171,0.0370934036634323,0.0463667545792903
"194",193,586346.443326617,0,0,0,45679.3516362751,0,0,0,3795.54230651443,12265.8141382282,225.725067446442,23.2922388463485,1850.89500910414,149.104990895858,2048.7302236717,0.520899119677687,0.037093403494497,0.0463667543681212
"195",194,586346.440769657,0,0,0,45679.3516036656,0,0,0,3795.54230354168,12265.8140978711,225.725065954934,23.2922367464233,1852.53929620595,147.460703794053,2048.73022185465,0.520899072715725,0.0370934033642355,0.0463667542052944
"196",195,586346.438721556,0,0,0,45679.3515769185,0,0,0,3795.54230108228,12265.8140657037,225.725064799004,23.2922350229212,1854.14987305874,145.85012694126,2048.73022045662,0.520899034171954,0.0370934032603582,0.0463667540754477
"197",196,586346.436812207,0,0,0,45679.3515516178,0,0,0,3795.54229870751,12265.8140358283,225.725063691675,23.2922335265827,1855.72743172342,144.272568276583,2048.73021896587,0.520899000708387,0.0370934031640918,0.0463667539551148
"198",197,586346.435060782,0,0,0,45679.3515290116,0,0,0,3795.54229661135,12265.8140082694,225.725062623035,23.2922322311438,1857.27265119634,142.727348803665,2048.73021754768,0.520898971737664,0.0370934030754013,0.0463667538442516
"199",198,586346.433762938,0,0,0,45679.3515128379,0,0,0,3795.54229515188,12265.8139876819,225.725061834368,23.2922311993805,1858.78619421089,141.213805789112,2048.73021667581,0.520898948663687,0.0370934030089853,0.0463667537612317
"200",199,586346.432911035,0,0,0,45679.3515019449,0,0,0,3795.54229414926,12265.8139742371,225.725061371504,23.2922304068515,1860.26870779988,139.731292200119,2048.7302161815,0.520898930939858,0.0370934029654146,0.0463667537067682
"201",200,586346.432108086,0,0,0,45679.3514909479,0,0,0,3795.54229310103,12265.8139617711,225.725060947594,23.2922297172958,1861.7208273857,138.279172614301,2048.73021549926,0.520898915518886,0.0370934029251655,0.0463667536564569
"202",201,586346.431159006,0,0,0,45679.351478316,0,0,0,3795.54229193407,12265.8139469407,225.725060371632,23.2922290608493,1863.14317826488,136.856821735122,2048.73021465379,0.520898900838356,0.0370934028775561,0.0463667535969451
"203",202,586346.430369657,0,0,0,45679.351468602,0,0,0,3795.54229106663,12265.8139343873,225.725059851555,23.29222851766,1864.53637230915,135.463627690854,2048.73021415835,0.520898888690669,0.037093402837197,0.0463667535464962
"204",203,586346.430013936,0,0,0,45679.3514645392,0,0,0,3795.54229068772,12265.8139286419,225.725059643245,23.2922281536098,1865.90100553102,134.098994468981,2048.73021404786,0.520898880549183,0.0370934028184712,0.046366753523089
"205",204,586346.429822321,0,0,0,45679.3514617289,0,0,0,3795.54229040005,12265.8139257149,225.725059595193,23.2922278753435,1867.23766105846,132.762338941542,2048.73021382457,0.520898874326138,0.0370934028088288,0.0463667535110359
"206",205,586346.42937428,0,0,0,45679.3514552348,0,0,0,3795.54228980678,12265.8139188556,225.725059358848,23.2922275569522,1868.54691332147,131.453086678534,2048.73021333685,0.520898867205751,0.0370934027868536,0.0463667534835671
"207",206,586346.428786475,0,0,0,45679.3514477156,0,0,0,3795.54228913855,12265.81390959,225.725058955069,23.2922272360994,1869.82932696894,130.170673031057,2048.73021297506,0.520898860030317,0.0370934027572433,0.0463667534465541
"208",207,586346.428531728,0,0,0,45679.351445194,0,0,0,3795.54228889628,12265.813905376,225.725058754432,23.292227042791,1871.08545240814,128.914547591864,2048.73021294389,0.520898855707238,0.0370934027435853,0.0463667534294817
"209",208,586346.428633177,0,0,0,45679.3514467031,0,0,0,3795.54228901055,12265.8139069101,225.725058859674,23.2922269655291,1872.31582559303,127.684174406972,2048.73021295846,0.520898853979381,0.0370934027482155,0.0463667534352694
"210",209,586346.428574948,0,0,0,45679.3514451839,0,0,0,3795.54228888148,12265.813906193,225.725058900635,23.2922268496429,1873.52097306748,126.479026932519,2048.73021276366,0.520898851387745,0.0370934027458679,0.0463667534323348
"211",210,586346.428138318,0,0,0,45679.3514390333,0,0,0,3795.54228833741,12265.8138994718,225.7250586242,23.2922266463895,1874.70141456791,125.298585432093,2048.73021248846,0.520898846842259,0.0370934027245247,0.0463667534056558
"212",211,586346.427791718,0,0,0,45679.3514351956,0,0,0,3795.54228797031,12265.8138938595,225.725058330761,23.2922264967921,1875.85765907794,124.142340922062,2048.73021237321,0.520898843496718,0.0370934027065769,0.0463667533832211
"213",212,586346.427926901,0,0,0,45679.3514377275,0,0,0,3795.54228818089,12265.8138957596,225.725058397919,23.2922264927221,1876.99020087818,123.009799121826,2048.73021243805,0.520898843405698,0.0370934027123957,0.0463667533904946
"214",213,586346.428170036,0,0,0,45679.3514404499,0,0,0,3795.54228844546,12265.8138996748,225.725058635747,23.2922265080262,1878.09952253438,121.900477465621,2048.73021249371,0.520898843747953,0.0370934027247506,0.0463667534059383
"215",214,586346.427961977,0,0,0,45679.3514367494,0,0,0,3795.54228812612,12265.8138966901,225.725058564347,23.2922263979993,1879.18610062398,120.813899376026,2048.73021236557,0.520898841287353,0.0370934027153664,0.046366753394208
"216",215,586346.42750381,0,0,0,45679.351430924,0,0,0,3795.54228757511,12265.8138894896,225.7250582103,23.2922262457457,1880.25040517481,119.749594825193,2048.73021212929,0.520898837882408,0.0370934026925237,0.0463667533656546
"217",216,586346.427464044,0,0,0,45679.3514315451,0,0,0,3795.5422876109,12265.8138885432,225.725058098434,23.2922262301498,1881.29289370837,118.707106291628,2048.73021207912,0.520898837533628,0.0370934026893406,0.0463667533616758
"218",217,586346.427857618,0,0,0,45679.351436923,0,0,0,3795.54228811966,12265.8138946106,225.725058389803,23.2922263186736,1882.31400981674,117.685990183264,2048.73021229296,0.520898839513341,0.0370934027084503,0.0463667533855628
"219",218,586346.427967352,0,0,0,45679.351437207,0,0,0,3795.54228816626,12265.813896652,225.725058575443,23.2922263069642,1883.31418924715,116.685810752847,2048.7302123964,0.520898839251475,0.0370934027150165,0.0463667533937706
"220",219,586346.427522891,0,0,0,45679.3514307522,0,0,0,3795.54228755945,12265.8138899094,225.725058294334,23.2922261604089,1884.29386413404,115.706135865965,2048.73021211842,0.520898835973968,0.0370934026937642,0.0463667533672053
"221",220,586346.427162384,0,0,0,45679.3514269799,0,0,0,3795.54228719296,12265.8138840004,225.725057939935,23.292226073402,1885.25345832771,114.746541672288,2048.73021182655,0.520898834028175,0.0370934026749418,0.0463667533436772
"222",221,586346.427121414,0,0,0,45679.3514269671,0,0,0,3795.54228720842,12265.8138831344,225.725057836898,23.2922260715759,1886.1933809557,113.806619044301,2048.73021178467,0.520898833987338,0.0370934026720642,0.0463667533400803
"223",222,586346.427313661,0,0,0,45679.3514291278,0,0,0,3795.54228739535,12265.81388625,225.725058017069,23.292226106114,1887.11403284608,112.885967153919,2048.7302119374,0.520898834759736,0.037093402681935,0.0463667533524188
"224",223,586346.427417699,0,0,0,45679.3514301206,0,0,0,3795.54228746409,12265.8138880745,225.725058175444,23.2922261068442,1888.01580945104,111.984190548958,2048.73021200051,0.520898834776065,0.0370934026878144,0.0463667533597681
"225",224,586346.427328971,0,0,0,45679.3514290309,0,0,0,3795.54228738589,12265.8138866714,225.725058122137,23.2922260750966,1888.89909993118,111.100900068819,2048.73021191859,0.520898834066074,0.0370934026834036,0.0463667533542545
"226",225,586346.427223577,0,0,0,45679.3514278751,0,0,0,3795.5422873099,12265.8138848582,225.725057983659,23.2922260588685,1889.76428418143,110.235715818569,2048.73021186122,0.520898833703155,0.0370934026775708,0.0463667533469635
"227",226,586346.427268397,0,0,0,45679.3514285513,0,0,0,3795.54228735717,12265.8138854887,225.725057973857,23.2922260782031,1890.61173214915,109.388267850855,2048.73021191662,0.520898834135546,0.0370934026794678,0.0463667533493348
"228",227,586346.427361634,0,0,0,45679.3514296797,0,0,0,3795.54228744629,12265.8138870056,225.725058053348,23.2922260973729,1891.44180617305,108.558193826956,2048.73021197753,0.520898834564253,0.0370934026842561,0.0463667533553202
"229",228,586346.427338665,0,0,0,45679.3514292362,0,0,0,3795.54228742634,12265.8138866957,225.725058053294,23.2922260863904,1892.25486261488,107.745137385127,2048.73021194927,0.520898834318644,0.037093402683305,0.0463667533541313
"230",229,586346.427244325,0,0,0,45679.3514280171,0,0,0,3795.54228732326,12265.8138851774,225.725057960277,23.2922260678923,1893.05125150164,106.948748498359,2048.73021189121,0.520898833904961,0.0370934026784743,0.0463667533480928
"231",230,586346.427267691,0,0,0,45679.3514285398,0,0,0,3795.54228734103,12265.8138854929,225.725057950881,23.2922260783309,1893.83131468098,106.16868531902,2048.7302119114,0.520898834138405,0.0370934026794126,0.0463667533492658
"232",231,586346.427416111,0,0,0,45679.3514305927,0,0,0,3795.54228751881,12265.8138878577,225.725058088452,23.2922261039592,1894.59538571591,105.40461428409,2048.73021200186,0.520898834711546,0.0370934026869053,0.0463667533586316
"233",232,586346.42748058,0,0,0,45679.351431198,0,0,0,3795.5422876062,12265.8138889603,225.725058192108,23.2922261018213,1895.34379192238,104.656208077621,2048.73021204806,0.520898834663735,0.0370934026904744,0.046366753363093
"234",233,586346.427375747,0,0,0,45679.3514295836,0,0,0,3795.54228746699,12265.8138873377,225.725058120818,23.2922260736432,1896.07685547601,103.923144523988,2048.73021198874,0.52089883403357,0.0370934026853702,0.0463667533567127
"235",234,586346.4272959,0,0,0,45679.3514287475,0,0,0,3795.54228735735,12265.8138860059,225.725058016518,23.2922260666057,1896.79489191339,103.205108086617,2048.73021192334,0.520898833876186,0.0370934026810929,0.0463667533513661
"236",235,586346.427402173,0,0,0,45679.3514304963,0,0,0,3795.54228751129,12265.81388762,225.725058082854,23.2922260944458,1897.49820860398,102.501791396026,2048.73021198422,0.520898834498793,0.0370934026861562,0.0463667533576952
"237",236,586346.427543261,0,0,0,45679.3514321995,0,0,0,3795.54228770118,12265.8138899068,225.725058241243,23.2922261110904,1898.18710597171,101.81289402829,2048.730212105,0.520898834871027,0.0370934026934529,0.0463667533668162
"238",237,586346.427493246,0,0,0,45679.3514310855,0,0,0,3795.54228760341,12265.8138892164,225.72505824488,23.2922260866794,1898.86187982542,101.138120174579,2048.73021208541,0.520898834325108,0.0370934026913448,0.046366753364181
"239",238,586346.427335927,0,0,0,45679.3514290557,0,0,0,3795.54228738403,12265.8138867019,225.725058090621,23.2922260607531,1899.52282120268,100.477178797319,2048.73021194048,0.520898833745301,0.037093402683358,0.0463667533541975
"240",239,586346.42734441,0,0,0,45679.3514296854,0,0,0,3795.54228743959,12265.8138867134,225.725058044151,23.2922260783041,1900.17021404896,99.8297859510382,2048.73021192865,0.520898834137805,0.0370934026833065,0.0463667533541331
"241",240,586346.427525221,0,0,0,45679.351432166,0,0,0,3795.54228769915,12265.8138895634,225.725058204686,23.292226111863,1900.80433467387,99.1956653261293,2048.73021210431,0.520898834888304,0.037093402692329,0.0463667533654113
"242",241,586346.427587085,0,0,0,45679.3514324464,0,0,0,3795.54228772504,12265.813890675,225.725058321391,23.2922261043488,1901.42545420015,98.5745457998533,2048.7302121704,0.52089883472026,0.0370934026959472,0.046366753369934
"243",242,586346.427420338,0,0,0,45679.3514299874,0,0,0,3795.54228746947,12265.813888089,225.725058197234,23.2922260664528,1902.03384030552,97.9661596944848,2048.73021199134,0.520898833872766,0.0370934026878023,0.0463667533597528
"244",243,586346.427299814,0,0,0,45679.3514288872,0,0,0,3795.54228737054,12265.813886055,225.725058032424,23.2922260626946,1902.62975550787,97.3702444921275,2048.73021187754,0.52089883378872,0.0370934026812739,0.0463667533515924
"245",244,586346.427440797,0,0,0,45679.3514311668,0,0,0,3795.54228760719,12265.8138881925,225.725058111923,23.2922261026825,1903.21345483199,96.7865451680133,2048.73021205064,0.520898834682996,0.0370934026879634,0.0463667533599542
"246",245,586346.4276238,0,0,0,45679.3514331988,0,0,0,3795.54228778946,12265.8138911935,225.725058322255,23.2922261204643,1903.78518689356,96.2148131064381,2048.73021221719,0.520898835080661,0.0370934026975345,0.0463667533719181
"247",246,586346.427539636,0,0,0,45679.3514315296,0,0,0,3795.54228761172,12265.8138899898,225.725058315089,23.2922260841502,1904.3451969841,95.654803015904,2048.73021207495,0.520898834268545,0.0370934026938378,0.0463667533672973
"248",247,586346.427315265,0,0,0,45679.3514287827,0,0,0,3795.54228736613,12265.8138863703,225.725058087874,23.2922260538798,1904.8937273182,95.1062726818034,2048.7302118692,0.52089883359159,0.0370934026823467,0.0463667533529334
"249",248,586346.427328512,0,0,0,45679.3514296076,0,0,0,3795.54228746339,12265.8138864288,225.725058016006,23.2922260834415,1905.43101403596,94.568985964045,2048.73021196707,0.520898834252697,0.0370934026823947,0.0463667533529934
"250",249,586346.427576446,0,0,0,45679.3514328811,0,0,0,3795.54228775497,12265.8138903737,225.725058237272,23.2922261260366,1905.95728592958,94.0427140704191,2048.73021220023,0.520898835205277,0.0370934026948692,0.0463667533685865
"251",250,586346.427651256,0,0,0,45679.3514331925,0,0,0,3795.54228776496,12265.8138917152,225.725058395748,23.2922261087824,1906.47276728728,93.5272327127225,2048.73021216348,0.520898834819412,0.0370934026992639,0.0463667533740798
"252",251,586346.427411849,0,0,0,45679.3514297878,0,0,0,3795.54228746376,12265.8138879585,225.725058214742,23.2922260579673,1906.97768053041,93.0223194695902,2048.73021192626,0.520898833683,0.0370934026874421,0.0463667533593026
"253",252,586346.427226363,0,0,0,45679.3514279186,0,0,0,3795.5422873097,12265.8138848837,225.725057964018,23.2922260554794,1907.47224428621,92.5277557137903,2048.73021187369,0.520898833627363,0.0370934026775782,0.0463667533469727
"254",253,586346.42721869,0,0,0,45679.351428073,0,0,0,3795.54228732798,12265.813884696,225.725057893767,23.2922260751308,1907.95666967129,92.0433303287165,2048.73021192056,0.520898834066839,0.0370934026768716,0.0463667533460896
"255",254,586346.427334009,0,0,0,45679.3514293438,0,0,0,3795.54228741486,12265.8138865992,225.725058036706,23.2922260803274,1908.43116335283,91.5688366471713,2048.73021194916,0.520898834183053,0.0370934026829519,0.0463667533536899
"256",255,586346.427394919,0,0,0,45679.3514299409,0,0,0,3795.54228745435,12265.8138876347,225.725058165722,23.2922260652115,1908.89592895781,91.1040710421883,2048.73021193415,0.520898833845007,0.0370934026863586,0.0463667533579482
"257",256,586346.42734978,0,0,0,45679.3514294104,0,0,0,3795.54228743013,12265.8138868909,225.725058133247,23.2922260558154,1909.35116688413,90.648833115871,2048.73021193203,0.520898833634876,0.0370934026840299,0.0463667533550373
"258",257,586346.427299194,0,0,0,45679.3514288706,0,0,0,3795.54228739911,12265.8138860324,225.725058031697,23.2922260671173,1909.79707296378,90.2029270362203,2048.73021195423,0.520898833887628,0.0370934026812178,0.0463667533515223
"259",258,586346.427332448,0,0,0,45679.3514293401,0,0,0,3795.54228742528,12265.8138865578,225.725058024535,23.2922260846137,1910.23383801664,89.7661619833579,2048.73021196999,0.52089883427891,0.0370934026828057,0.0463667533535072
"260",259,586346.427389263,0,0,0,45679.3514300289,0,0,0,3795.54228747859,12265.8138874874,225.725058085833,23.2922260901346,1910.66164881131,89.3383511886885,2048.73021197664,0.520898834402378,0.0370934026857591,0.0463667533571989
"261",260,586346.427378672,0,0,0,45679.3514298189,0,0,0,3795.5422874774,12265.8138873267,225.725058089155,23.2922260855484,1911.08068891848,88.9193110815214,2048.73021198394,0.520898834299814,0.0370934026852791,0.0463667533565989
"262",261,586346.427329172,0,0,0,45679.3514291809,0,0,0,3795.54228742432,12265.8138865285,225.725058021893,23.2922260870653,1911.49113868747,88.5088613125271,2048.73021197875,0.520898834333737,0.0370934026827184,0.0463667533533979
"263",262,586346.427346688,0,0,0,45679.3514295233,0,0,0,3795.54228743284,12265.8138868021,225.72505801522,23.2922260966003,1911.8931743866,88.1068256134022,2048.73021196555,0.520898834546975,0.0370934026835379,0.0463667533544224
"264",263,586346.427432158,0,0,0,45679.3514307004,0,0,0,3795.54228753495,12265.8138881675,225.72505811777,23.2922260984711,1912.28696801015,87.7130319898573,2048.73021198929,0.520898834588813,0.0370934026878941,0.0463667533598676
"265",264,586346.427467641,0,0,0,45679.3514310361,0,0,0,3795.54228758931,12265.8138887431,225.725058195338,23.2922260874515,1912.67268818763,87.3273118123707,2048.73021204047,0.520898834342374,0.0370934026897975,0.0463667533622469
"266",265,586346.427408691,0,0,0,45679.3514301322,0,0,0,3795.54228751126,12265.8138878145,225.725058142505,23.2922260802497,1913.05050084863,86.9494991513753,2048.73021203505,0.520898834181317,0.0370934026868672,0.046366753358584
"267",266,586346.427366625,0,0,0,45679.3514296967,0,0,0,3795.54228744772,12265.813887137,225.725058065123,23.29222608861,1913.42056863783,86.5794313621723,2048.73021197545,0.520898834368283,0.0370934026846545,0.0463667533558181
"268",267,586346.427429207,0,0,0,45679.351430713,0,0,0,3795.54228753762,12265.8138881108,225.725058114761,23.292226098394,1913.783050101,86.2169498990066,2048.73021198469,0.520898834587088,0.0370934026877171,0.0463667533596463
"269",268,586346.427508057,0,0,0,45679.3514316637,0,0,0,3795.54228764828,12265.8138893652,225.725058231876,23.2922260921525,1914.13810010353,85.8618998964702,2048.73021207655,0.520898834447507,0.0370934026917637,0.0463667533647046
"270",269,586346.427477901,0,0,0,45679.3514310134,0,0,0,3795.54228759071,12265.8138889145,225.725058232909,23.2922260792973,1914.48587097499,85.5141290250157,2048.73021209028,0.520898834160017,0.0370934026903928,0.046366753362991
"271",270,586346.427390158,0,0,0,45679.3514298845,0,0,0,3795.5422874645,12265.8138875279,225.725058117882,23.2922260816664,1914.82651263012,85.1734873698832,2048.73021198572,0.520898834212999,0.0370934026859492,0.0463667533574365
"272",271,586346.427398251,0,0,0,45679.3514302811,0,0,0,3795.54228750013,12265.8138876228,225.725058085205,23.2922260962427,1915.16017151337,84.8398284866301,2048.73021195619,0.520898834538977,0.0370934026861768,0.046366753357721
"273",272,586346.427501166,0,0,0,45679.3514316873,0,0,0,3795.54228765061,12265.8138892377,225.725058205227,23.2922260985054,1915.48699016035,84.5130098396549,2048.73021207872,0.520898834589581,0.0370934026913256,0.046366753364157
"274",273,586346.427533419,0,0,0,45679.3514318103,0,0,0,3795.54228766144,12265.8138897818,225.725058289024,23.2922260837125,1915.80710824728,84.1928917527204,2048.7302121383,0.520898834258758,0.0370934026931429,0.0463667533664286
"275",274,586346.42743778,0,0,0,45679.3514304086,0,0,0,3795.54228751304,12265.8138882939,225.72505819416,23.2922260767561,1916.12066357238,83.8793364276251,2048.73021201419,0.520898834103186,0.0370934026884308,0.0463667533605385
"276",275,586346.427372435,0,0,0,45679.3514298258,0,0,0,3795.54228746129,12265.8138872309,225.725058074271,23.2922260908481,1916.4277914317,83.5722085683009,2048.73021192883,0.520898834418334,0.0370934026849666,0.0463667533562082
"277",276,586346.427455061,0,0,0,45679.3514311462,0,0,0,3795.54228760035,12265.8138885024,225.725058137472,23.2922261033992,1916.7286234312,83.2713765687975,2048.73021204988,0.520898834699023,0.0370934026889598,0.0463667533611997
"278",277,586346.427556913,0,0,0,45679.3514322684,0,0,0,3795.54228770032,12265.813890132,225.725058291749,23.2922260927318,1917.02328777482,82.9767122251803,2048.73021216473,0.520898834460461,0.0370934026942157,0.0463667533677697
"279",278,586346.427505726,0,0,0,45679.3514312832,0,0,0,3795.54228759414,12265.8138893641,225.725058280222,23.292226076124,1917.31191073103,82.6880892689732,2048.73021206142,0.520898834089051,0.0370934026918563,0.0463667533648203
"280",279,586346.427379398,0,0,0,45679.3514297447,0,0,0,3795.54228745734,12265.8138873623,225.725058111458,23.2922260826212,1917.59461699925,82.4053830007516,2048.73021192488,0.520898834234351,0.037093402685442,0.0463667533568024
"281",280,586346.427391207,0,0,0,45679.3514302641,0,0,0,3795.54228751861,12265.8138875069,225.725058065659,23.292226103063,1917.8715283914,82.1284716086057,2048.73021200285,0.520898834691505,0.0370934026857955,0.0463667533572444
"282",281,586346.427532641,0,0,0,45679.3514321222,0,0,0,3795.54228768333,12265.81388973,225.725058232666,23.2922261030798,1918.14276301134,81.8572369886595,2048.73021215493,0.520898834691881,0.0370934026928796,0.0463667533660995
"283",282,586346.42757078,0,0,0,45679.3514322445,0,0,0,3795.54228768305,12265.813890368,225.725058342004,23.2922260813111,1918.4084364141,81.5915635858976,2048.73021211237,0.520898834205052,0.0370934026950301,0.0463667533687876
"284",283,586346.427432498,0,0,0,45679.3514302905,0,0,0,3795.54228751104,12265.8138882119,225.725058201227,23.2922260744387,1918.66866301793,81.3313369820691,2048.73021195804,0.520898834051362,0.037093402688202,0.0463667533602525
"285",284,586346.427330884,0,0,0,45679.3514292793,0,0,0,3795.54228742883,12265.8138865891,225.725058022142,23.2922260951521,1918.92355546044,81.0764445395583,2048.73021194677,0.520898834514589,0.0370934026829228,0.0463667533536534
"286",285,586346.427329989,0,0,0,45679.3514294049,0,0,0,3795.54228744239,12265.813886562,225.725057978348,23.2922261092533,1919.17322273592,80.8267772640796,2048.73021198627,0.520898834829941,0.0370934026827542,0.0463667533534428
"287",286,586346.427394053,0,0,0,45679.3514301025,0,0,0,3795.5422874889,12265.8138875778,225.7250580837,23.2922260979734,1919.41777147075,80.5822285292558,2048.73021199231,0.520898834577683,0.037093402686044,0.046366753357555
"288",287,586346.42742468,0,0,0,45679.351430393,0,0,0,3795.54228750697,12265.8138880602,225.725058172778,23.2922260795289,1919.65730652337,80.3426934766286,2048.73021197293,0.520898834165197,0.0370934026876832,0.046366753359604
"289",288,586346.427397774,0,0,0,45679.3514300806,0,0,0,3795.54228749254,12265.8138876276,225.725058146567,23.2922260783889,1919.89193103636,80.1080689636377,2048.73021197693,0.520898834139703,0.0370934026863199,0.0463667533578999
"290",289,586346.427371554,0,0,0,45679.351429807,0,0,0,3795.54228747772,12265.8138872151,225.725058076606,23.2922260922708,1920.12174592659,79.8782540734132,2048.73021199871,0.520898834450151,0.037093402684931,0.0463667533561638
"291",290,586346.427393068,0,0,0,45679.3514301048,0,0,0,3795.54228749505,12265.81388756,225.725058077741,23.2922260998913,1920.34684963797,79.6531503620337,2048.7302120064,0.520898834620573,0.0370934026859793,0.0463667533574742
"292",291,586346.427426817,0,0,0,45679.3514305205,0,0,0,3795.54228752796,12265.8138880876,225.725058138971,23.2922260919182,1920.5673383984,79.4326616016007,2048.73021200263,0.520898834442266,0.0370934026877008,0.0463667533596261
"293",292,586346.427421391,0,0,0,45679.3514304103,0,0,0,3795.54228752884,12265.8138879992,225.725058154784,23.2922260852233,1920.78330683943,79.216693160568,2048.73021201012,0.520898834292544,0.037093402687466,0.0463667533593325
"294",293,586346.427393834,0,0,0,45679.3514300475,0,0,0,3795.54228749805,12265.8138875769,225.725058101192,23.2922260937633,1920.99484797398,79.0051520260223,2048.73021201595,0.520898834483529,0.0370934026860806,0.0463667533576008
"295",294,586346.427403987,0,0,0,45679.3514302406,0,0,0,3795.54228750174,12265.8138877426,225.725058081299,23.2922261039646,1921.20205266906,78.797947330946,2048.73021200628,0.520898834711668,0.0370934026865431,0.0463667533581788
"296",295,586346.427451626,0,0,0,45679.3514309029,0,0,0,3795.54228755979,12265.8138884757,225.72505815139,23.2922260969815,1921.40500949725,78.5949905027513,2048.73021201197,0.520898834555499,0.037093402688903,0.0463667533611287
"297",296,586346.427470335,0,0,0,45679.3514310774,0,0,0,3795.5422875903,12265.8138887596,225.725058215654,23.292226082054,1921.60380530206,78.3961946979458,2048.73021204312,0.520898834221668,0.0370934026898907,0.0463667533623634
"298",297,586346.427436399,0,0,0,45679.3514305533,0,0,0,3795.5422875442,12265.8138882455,225.725058178146,23.2922260831789,1921.79852563888,78.2014743611194,2048.73021204669,0.520898834246824,0.0370934026882591,0.0463667533603239
"299",298,586346.427413179,0,0,0,45679.3514303132,0,0,0,3795.54228750758,12265.8138878961,225.725058108635,23.2922260986058,1921.98925441168,78.0107455883213,2048.73021200992,0.520898834591826,0.0370934026870632,0.046366753358829
"300",299,586346.427448812,0,0,0,45679.3514308965,0,0,0,3795.54228756011,12265.8138884351,225.725058135295,23.2922261018411,1922.17607332319,77.8239266768078,2048.73021200863,0.520898834664179,0.0370934026887494,0.0463667533609367
"301",300,586346.427492259,0,0,0,45679.3514314199,0,0,0,3795.54228762274,12265.8138890963,225.725058227902,23.2922260858179,1922.35906210222,77.640937897778,2048.73021206359,0.520898834305842,0.0370934026909362,0.0463667533636703
"302",301,586346.427474044,0,0,0,45679.3514310318,0,0,0,3795.54228758732,12265.813888831,225.725058238144,23.292226076651,1922.53829923403,77.461700765967,2048.73021207688,0.520898834100835,0.0370934026901529,0.0463667533626912
"303",302,586346.427424967,0,0,0,45679.3514304004,0,0,0,3795.54228751518,12265.8138880885,225.725058147473,23.2922260906362,1922.71386206587,77.2861379341268,2048.73021201396,0.520898834413597,0.037093402687725,0.0463667533596563
"304",303,586346.427430775,0,0,0,45679.3514306462,0,0,0,3795.54228753833,12265.8138881625,225.725058109661,23.2922261050569,1922.88582613171,77.114173868292,2048.73021199211,0.520898834736096,0.037093402687875,0.0463667533598438
"305",304,586346.427488508,0,0,0,45679.3514314349,0,0,0,3795.54228762429,12265.8138890347,225.725058198225,23.2922260947659,1923.05426482853,76.9457351714702,2048.73021206556,0.520898834505951,0.037093402690692,0.046366753363365
"306",305,586346.427504933,0,0,0,45679.3514314751,0,0,0,3795.54228762669,12265.8138893036,225.72505827292,23.2922260758474,1923.21925005692,76.7807499430824,2048.73021210371,0.520898834082864,0.0370934026916544,0.046366753364568
"307",306,586346.427450568,0,0,0,45679.3514306793,0,0,0,3795.54228754101,12265.8138884894,225.725058205878,23.2922260807581,1923.38085286963,76.6191471303716,2048.7302120285,0.520898834192686,0.0370934026890571,0.0463667533613214
"308",307,586346.427415445,0,0,0,45679.3514303798,0,0,0,3795.5422875155,12265.8138879364,225.725058104098,23.2922261029729,1923.53914310172,76.460856898278,2048.73021197604,0.52089883468949,0.037093402687182,0.0463667533589775
"309",308,586346.427462983,0,0,0,45679.3514311369,0,0,0,3795.54228759653,12265.8138886412,225.725058142743,23.2922261053043,1923.69418858833,76.3058114116698,2048.73021205017,0.520898834741628,0.0370934026893925,0.0463667533617406
"310",309,586346.42752071,0,0,0,45679.3514317706,0,0,0,3795.54228765216,12265.8138895362,225.725058269914,23.292226082142,1923.84605530742,76.1539446925824,2048.73021212173,0.520898834223636,0.0370934026923537,0.0463667533654421
"311",310,586346.427525843,0,0,0,45679.3514317154,0,0,0,3795.54228763784,12265.8138896349,225.725058321163,23.2922260675808,1923.99480844596,76.0051915540405,2048.73021210352,0.520898833897993,0.037093402692755,0.0463667533659437
"312",311,586346.427481275,0,0,0,45679.3514311516,0,0,0,3795.54228758765,12265.8138889553,225.725058245366,23.2922260788827,1924.14051206232,75.8594879376853,2048.73021203841,0.520898834150745,0.0370934026905495,0.0463667533631869
"313",312,586346.427452831,0,0,0,45679.3514308682,0,0,0,3795.54228756989,12265.8138885087,225.725058159515,23.2922260980287,1924.28322888491,75.7167711150941,2048.73021202727,0.52089883457892,0.0370934026890279,0.0463667533612849
"314",313,586346.427470093,0,0,0,45679.3514311266,0,0,0,3795.54228759253,12265.813888768,225.725058167841,23.2922261003648,1924.42302004433,75.5769799556766,2048.73021206365,0.520898834631163,0.037093402689828,0.046366753362285
"315",314,586346.427499036,0,0,0,45679.3514314706,0,0,0,3795.54228761749,12265.8138892157,225.72505823468,23.2922260875293,1924.55994531027,75.440054689728,2048.73021207972,0.520898834344114,0.0370934026913151,0.0463667533641439
"316",315,586346.427498349,0,0,0,45679.3514314202,0,0,0,3795.54228761328,12265.81388921,225.725058258895,23.2922260798976,1924.69406339506,75.3059366049445,2048.73021206006,0.520898834173443,0.0370934026913476,0.0463667533641844
"317",316,586346.42747272,0,0,0,45679.3514310797,0,0,0,3795.54228758702,12265.8138888179,225.72505821486,23.2922260867294,1924.82543198659,75.1745680134078,2048.7302120417,0.520898834326226,0.0370934026900751,0.0463667533625938
"318",317,586346.42745738,0,0,0,45679.3514309065,0,0,0,3795.54228757109,12265.8138885803,225.725058168969,23.2922260967217,1924.95410756333,75.0458924366762,2048.73021204419,0.520898834549689,0.0370934026892644,0.0463667533615805
"319",318,586346.427467678,0,0,0,45679.351431065,0,0,0,3795.54228758198,12265.813888735,225.725058177435,23.2922260966141,1925.08014528868,74.9198547113233,2048.73021205284,0.520898834547283,0.0370934026897477,0.0463667533621846
"320",319,586346.427476321,0,0,0,45679.3514311584,0,0,0,3795.542287592,12265.8138888681,225.725058204095,23.292226090711,1925.20359910171,74.7964008982903,2048.73021204917,0.520898834415269,0.0370934026902038,0.0463667533627547
"321",320,586346.427462975,0,0,0,45679.3514309486,0,0,0,3795.54228757571,12265.8138886683,225.725058190371,23.2922260917927,1925.32452197103,74.6754780289673,2048.73021203996,0.520898834439459,0.0370934026895741,0.0463667533619676
"322",321,586346.427447231,0,0,0,45679.3514307583,0,0,0,3795.54228755549,12265.8138884275,225.725058151967,23.2922260996461,1925.44296591346,74.5570340865448,2048.73021203702,0.520898834615091,0.0370934026887697,0.0463667533609621
"323",322,586346.427456826,0,0,0,45679.3514309367,0,0,0,3795.54228756844,12265.8138885667,225.725058155148,23.2922261007866,1925.55898180044,74.4410181995625,2048.73021204211,0.520898834640595,0.0370934026891951,0.0463667533614939
"324",323,586346.427478849,0,0,0,45679.3514312248,0,0,0,3795.54228759784,12265.8138888997,225.725058202078,23.2922260917179,1925.67261928799,74.3273807120138,2048.7302120504,0.520898834437787,0.0370934026902944,0.046366753362868
"325",324,586346.427478005,0,0,0,45679.3514311511,0,0,0,3795.54228759432,12265.8138888948,225.725058219604,23.2922260863957,1925.78392703099,74.2160729690143,2048.730212052,0.520898834318763,0.037093402690316,0.046366753362895
"326",325,586346.427455453,0,0,0,45679.3514308372,0,0,0,3795.5422875623,12265.8138885566,225.725058179031,23.2922260935326,1925.89295287688,74.1070471231248,2048.73021204154,0.52089883447837,0.0370934026892145,0.0463667533615181
"327",326,586346.427449543,0,0,0,45679.3514308252,0,0,0,3795.54228755824,12265.8138884578,225.725058149092,23.292226101034,1925.9997437499,74.0002562501055,2048.73021203414,0.520898834646129,0.0370934026888551,0.0463667533610688
"328",327,586346.427472568,0,0,0,45679.3514311661,0,0,0,3795.5422875929,12265.8138887992,225.725058184682,23.292226095378,1926.10434543405,73.8956545659549,2048.73021204685,0.520898834519641,0.0370934026899559,0.0463667533624449
"329",328,586346.427487679,0,0,0,45679.3514313031,0,0,0,3795.54228760815,12265.8138890374,225.725058231008,23.2922260849867,1926.20680264277,73.7931973572278,2048.73021206219,0.520898834287253,0.0370934026907683,0.0463667533634604
"330",329,586346.427468774,0,0,0,45679.351430995,0,0,0,3795.54228757645,12265.8138887624,225.725058210166,23.2922260872181,1926.30715930906,73.6928406909442,2048.73021205065,0.520898834337154,0.0370934026898981,0.0463667533623726
"331",330,586346.42744634,0,0,0,45679.3514307489,0,0,0,3795.54228755154,12265.8138884149,225.725058154307,23.292226098817,1926.40545865895,73.5945413410482,2048.73021202846,0.520898834596549,0.0370934026887368,0.046366753360921
"332",331,586346.427459173,0,0,0,45679.3514309955,0,0,0,3795.54228757753,12265.8138885941,225.725058158484,23.2922261000018,1926.50174296518,73.4982570348206,2048.73021203722,0.520898834623045,0.0370934026892839,0.0463667533616049
"333",332,586346.427488142,0,0,0,45679.3514313483,0,0,0,3795.54228761186,12265.8138890375,225.725058220957,23.2922260876555,1926.5960534021,73.4039465978981,2048.73021206592,0.520898834346936,0.0370934026907466,0.0463667533634333
"334",333,586346.427484814,0,0,0,45679.3514312141,0,0,0,3795.54228759631,12265.8138890052,225.725058238776,23.2922260820478,1926.688430279,73.3115697209989,2048.73021206282,0.520898834221528,0.0370934026906872,0.0463667533633591
"335",334,586346.427452723,0,0,0,45679.3514307928,0,0,0,3795.54228755612,12265.8138885193,225.725058178231,23.2922260933302,1926.77891331578,73.2210866842184,2048.73021202995,0.520898834473844,0.0370934026891009,0.0463667533613761
"336",335,586346.427445198,0,0,0,45679.3514307882,0,0,0,3795.54228755875,12265.8138883856,225.725058138546,23.2922261030583,1926.86754153452,73.1324584654848,2048.73021202592,0.520898834691398,0.037093402688616,0.04636675336077
"337",336,586346.42747722,0,0,0,45679.3514312399,0,0,0,3795.54228760129,12265.8138888648,225.725058190372,23.2922260940958,1926.95435295271,73.0456470472895,2048.73021206064,0.520898834490965,0.0370934026901632,0.046366753362704
"338",337,586346.427496724,0,0,0,45679.3514314086,0,0,0,3795.54228761392,12265.8138891795,225.725058251318,23.2922260805572,1927.03938460383,72.9606153961723,2048.73021207321,0.520898834188192,0.0370934026912364,0.0463667533640455
"339",338,586346.427469265,0,0,0,45679.351430985,0,0,0,3795.54228757443,12265.8138887758,225.725058216826,23.2922260856364,1927.12267289733,72.8773271026687,2048.73021204012,0.520898834301781,0.0370934026899528,0.046366753362441
"340",339,586346.427438707,0,0,0,45679.3514306529,0,0,0,3795.5422875466,12265.8138882965,225.725058139453,23.2922261019058,1927.20425376681,72.795746233192,2048.73021201907,0.520898834665626,0.0370934026883512,0.0463667533604389
"341",340,586346.427457556,0,0,0,45679.3514309915,0,0,0,3795.54228757782,12265.8138885637,225.725058149971,23.2922261018794,1927.28416237367,72.7158376263308,2048.73021204719,0.520898834665034,0.0370934026891741,0.0463667533614676
"342",341,586346.427497129,0,0,0,45679.3514314714,0,0,0,3795.54228761939,12265.8138891743,225.725058237033,23.2922260843308,1927.36243285784,72.6375671421622,2048.73021207581,0.520898834272585,0.0370934026911899,0.0463667533639873
"343",342,586346.427490848,0,0,0,45679.3514312775,0,0,0,3795.5422876019,12265.8138891024,225.725058255922,23.2922260784619,1927.43909857727,72.5609014227311,2048.73021205612,0.520898834141335,0.0370934026910155,0.0463667533637694
"344",343,586346.427446111,0,0,0,45679.3514306913,0,0,0,3795.54228755045,12265.8138884212,225.725058168802,23.292226095397,1927.51419249186,72.4858075081413,2048.73021202231,0.520898834520065,0.0370934026887884,0.0463667533609855
"345",344,586346.427437148,0,0,0,45679.3514306934,0,0,0,3795.54228754993,12265.8138882593,225.725058118391,23.2922261074074,1927.58774708659,72.4122529134136,2048.73021203084,0.52089883478866,0.0370934026881946,0.0463667533602433
"346",345,586346.427482146,0,0,0,45679.3514313273,0,0,0,3795.54228760584,12265.8138889352,225.725058194788,23.292226093195,1927.65979395767,72.3402060423372,2048.73021206651,0.52089883447082,0.0370934026903822,0.0463667533629777
"347",346,586346.427507661,0,0,0,45679.3514315488,0,0,0,3795.54228762722,12265.8138893478,225.725058275522,23.2922260754826,1927.73036375207,72.2696362479371,2048.73021207095,0.520898834074707,0.0370934026917921,0.0463667533647401
"348",347,586346.427468265,0,0,0,45679.3514309432,0,0,0,3795.54228757388,12265.813888767,225.725058221244,23.2922260848488,1927.79948660445,72.2005133955546,2048.73021203772,0.520898834284168,0.0370934026899374,0.0463667533624218
"349",348,586346.427426964,0,0,0,45679.3514304921,0,0,0,3795.54228753117,12265.8138881187,225.725058115592,23.2922261070821,1927.86719239742,72.1328076025859,2048.73021201999,0.520898834781387,0.0370934026877687,0.0463667533597109
"350",349,586346.427453002,0,0,0,45679.3514309665,0,0,0,3795.54228757254,12265.8138884862,225.72505813242,23.2922261055677,1927.93351041841,72.0664895815935,2048.73021204566,0.520898834747518,0.0370934026889034,0.0463667533611292
"351",350,586346.427512953,0,0,0,45679.351431742,0,0,0,3795.54228764593,12265.8138894006,225.725058248177,23.292226082925,1927.99846901775,72.0015309822542,2048.73021208441,0.520898834241145,0.0370934026918895,0.0463667533648619
"352",351,586346.427530037,0,0,0,45679.3514318448,0,0,0,3795.54228765694,12265.8138896904,225.72505830866,23.2922260700656,1928.06209580588,71.9379041941179,2048.73021209059,0.520898833953563,0.0370934026928897,0.0463667533661122
"353",352,586346.427492652,0,0,0,45679.3514312938,0,0,0,3795.54228760488,12265.8138891389,225.725058252178,23.2922260808916,1928.12441802239,71.8755819776129,2048.73021206263,0.520898834195671,0.0370934026911198,0.0463667533638997
"354",353,586346.427456908,0,0,0,45679.3514308789,0,0,0,3795.54228756574,12265.8138885819,225.725058171565,23.2922260973169,1928.18546257939,71.8145374206109,2048.73021203911,0.520898834563001,0.0370934026892785,0.0463667533615982
"355",354,586346.427463984,0,0,0,45679.3514310407,0,0,0,3795.54228758131,12265.8138886703,225.725058168411,23.2922260982356,1928.245255821,71.7547441790039,2048.73021204613,0.520898834583546,0.0370934026895339,0.0463667533619173
"356",355,586346.427491835,0,0,0,45679.3514313973,0,0,0,3795.54228761445,12265.8138890961,225.725058223885,23.2922260869605,1928.30382335785,71.6961766421556,2048.73021206609,0.520898834331395,0.0370934026909271,0.0463667533636589
"357",356,586346.427486222,0,0,0,45679.3514312554,0,0,0,3795.54228760243,12265.8138890269,225.725058224823,23.2922260866596,1928.36119014016,71.6388098598403,2048.73021206081,0.520898834324665,0.0370934026907239,0.0463667533634048
"358",357,586346.427453339,0,0,0,45679.3514308095,0,0,0,3795.54228756119,12265.8138885286,225.725058160851,23.2922260996041,1928.41738076819,71.5826192318095,2048.73021203626,0.520898834614152,0.0370934026890956,0.0463667533613695
"359",358,586346.427447872,0,0,0,45679.3514308134,0,0,0,3795.54228755936,12265.8138884279,225.72505813801,23.2922261039992,1928.47241951846,71.5275804815373,2048.73021203278,0.520898834712441,0.0370934026887424,0.046366753360928
"360",359,586346.427481673,0,0,0,45679.3514312987,0,0,0,3795.54228760387,12265.8138889342,225.725058201803,23.2922260906381,1928.52633008499,71.4736699150116,2048.73021205858,0.520898834413638,0.0370934026903924,0.0463667533629905
"361",360,586346.427499448,0,0,0,45679.3514314541,0,0,0,3795.54228762062,12265.813889223,225.725058251321,23.2922260806086,1928.57913545035,71.4208645496478,2048.73021207137,0.520898834189343,0.0370934026913655,0.0463667533642068
"362",361,586346.427468996,0,0,0,45679.3514309777,0,0,0,3795.54228757659,12265.8138887764,225.725058201808,23.2922260911698,1928.63085812803,71.3691418719748,2048.73021204632,0.520898834425528,0.0370934026899265,0.0463667533624082
"363",362,586346.427438678,0,0,0,45679.3514306434,0,0,0,3795.54228754288,12265.8138883001,225.725058132464,23.2922261053367,1928.68152041127,71.3184795887315,2048.73021202253,0.520898834742352,0.0370934026883512,0.0463667533604391
"364",363,586346.427459008,0,0,0,45679.3514310191,0,0,0,3795.54228757766,12265.8138885837,225.725058158977,23.2922260992994,1928.73114422554,71.2688557744629,2048.73021204111,0.520898834607336,0.0370934026892526,0.0463667533615657
"365",364,586346.427503663,0,0,0,45679.3514316002,0,0,0,3795.54228763493,12265.8138892626,225.725058246674,23.2922260810636,1928.77975084022,71.2202491597871,2048.73021207889,0.520898834199517,0.0370934026914706,0.0463667533643382
"366",365,586346.42751538,0,0,0,45679.351431656,0,0,0,3795.54228764004,12265.8138894658,225.725058281044,23.2922260746667,1928.82736094597,71.172639054036,2048.73021208593,0.52089883405646,0.0370934026921557,0.0463667533651946
